"variable","beta_true","missingness_rate"
"ritm_ecg_p_01",1.5,0.0771041789287816
"NA_R_3_n",0.5,0.0771041789287816
"n_p_ecg_p_03",1,0.0771041789287816
"np_10",0.1,0.0771041789287816
