"variable","beta_true","missingness_rate"
"VALUE_51301",1,0.654761904761905
"VALUE_51248",0.1,0.654761904761905
"VALUE_50802",1.5,0
"VALUE_50970",0.5,0
