"variable","beta_true","missingness_rate"
"IM_PG_P",1,0.0935844614479105
"ritm_ecg_p_01",0.1,0.0935844614479105
"ritm_ecg_p_02",1.5,0.0935844614479105
"ritm_ecg_p_04",0.5,0.0935844614479105
