"variable","beta_true","missingness_rate"
"AGE",1,0.0935844614479105
"SEX",0.1,0.0935844614479105
"INF_ANAM",1.5,0.0935844614479105
"STENOK_AN",0.5,0.0935844614479105
