"variable","beta_true","missingness_rate"
"VALUE_50802",1,0.654761904761905
"VALUE_50804",0.1,0.654761904761905
"VALUE_50813",1.5,0.654761904761905
"VALUE_50817",0.5,0.654761904761905
