"variable","beta_true","missingness_rate"
"n_r_ecg_p_09",1,0.0771041789287816
"n_r_ecg_p_10",0.1,0.0771041789287816
"n_p_ecg_p_01",1.5,0.0771041789287816
"n_p_ecg_p_03",0.5,0.0771041789287816
