"variable","beta_true","missingness_rate"
"VALUE_50971",1,0.654761904761905
"VALUE_50983",0.1,0.654761904761905
"VALUE_51006",1.5,0.654761904761905
"VALUE_51143",0.5,0.654761904761905
