"variable","beta_true","missingness_rate"
"AGE",1,0.0771041789287816
"SEX",0.1,0.0771041789287816
"AGE",1.5,0.0771041789287816
"SEX",0.5,0.0771041789287816
